﻿"Cube Title","Product Id","CANSIM Id",URL,"Cube Notes","Archive Status",Frequency,"Start Reference Period","End Reference Period","Total number of dimensions"
"Business Dynamics measures, by Industry",33100164,527-0001,"https://www150.statcan.gc.ca/t1/tbl1/en/tv.action?pid=3310016401",1;2;3;4;5;6;7;9;10;11;12,"CURRENT - a cube available to the public and that is current",Annual,2001-01-01,2015-01-01,4

"Dimension ID","Dimension name","Dimension Notes","Dimension Definitions"
1,Geography,,
2,"Business dynamics measure",,
3,"North American Industry Classification System (NAICS)",,
4,"Firm size",12,

"Dimension ID","Member Name","Classification Code","Member ID","Parent Member ID",Terminated,"Member Notes","Member Definitions"
1,Canada,11124,1,,,,
2,"Number of active employer businesses in the private sector",,1,,,1;2;3;4,
2,"Number of entrants",,2,1,,1;2;3;4,
2,"Number of incumbents",,3,1,,1;2;3;4,
2,"Number of exits",,4,,,1;2;3;4,
2,"Entry rate",,5,,,5,
2,"Exit rate",,6,,,5,
2,"Net employment growth",,7,,,5;6,
2,"Gross employment creation",,8,,,5;6,
2,"Gross employment creation by entrants",,9,8,,5;6,
2,"Gross employment creation by growing incumbents",,10,8,,5;6,
2,"Gross employment destruction",,11,,,5;6,
2,"Gross employment destruction by declining incumbents",,12,11,,5;6,
2,"Gross employment destruction by exits",,13,11,,5;6,
2,"Employment share",,14,,,7;9,
2,"Percent contribution to gross employment creation",,15,,,5;7;8;9,
2,"Percent contribution to gross employment destruction",,16,,,5;7;8;9,
3,"Private sector",,1,,,10,
3,"Agriculture, forestry, fishing and hunting",11,2,1,,,
3,"Mining, quarrying, and oil and gas extraction",21,3,1,,,
3,Utilities,22,4,1,,,
3,Construction,23,5,1,,,
3,Manufacturing,31-33,6,1,,,
3,"Wholesale trade",41,7,1,,,
3,"Retail trade",44-45,8,1,,,
3,"Transportation and warehousing",48-49,9,1,,,
3,"Information and cultural industries",51,10,1,,,
3,"Finance and insurance",52,11,1,,,
3,"Real estate and rental and leasing",53,12,1,,,
3,"Professional, scientific and technical services",54,13,1,,,
3,"Management of companies and enterprises",55,14,1,,,
3,"Administrative and support, waste management and remediation services",56,15,1,,,
3,"Arts, entertainment and recreation",71,16,1,,,
3,"Accommodation and food services",72,17,1,,,
3,"Other services (except public administration)",81,18,1,,,
3,"Unclassified businesses",,19,1,,11,
4,"Private sector",,1,,,10,
4,"From 0 to less than 100 employees",,2,1,,,
4,"From 0 to less than 50 employees",,3,2,,,
4,"Less than 5 employees",,4,3,,,
4,"5 to less than 20 employees",,5,3,,,
4,"20 to less than 50 employees",,6,3,,,
4,"50 to less than 100 employees",,7,2,,,
4,"100 to less than 500 employees",,8,1,,,
4,"500 employees or more",,9,1,,,

Symbol Legend
Description,Symbol
"not available for a specific reference period",..
"less than the limit of detection",<LOD
"value rounded to 0 (zero) where there is a meaningful distinction between true zero and the value that was rounded",0s
"data quality: excellent",A
"data quality: very good",B
"data quality: good",C
"data quality: acceptable",D
"use with caution",E
"too unreliable to be published.",F
"not applicable",...
preliminary,p
revised,r
"suppressed to meet the confidentiality requirements of the Statistics Act",x
terminated,t

"Survey Code","Survey Name"
8013,"Longitudinal Employment Analysis Program"

"Subject Code","Subject Name"
330101,"Business performance and ownership/Business dynamics/Business adaptation and adjustment"

"Note ID",Note
1,"Employer businesses include both incorporated and unincorporated businesses that issue one or more statements of remuneration paid (T4 slip(s)) to their employee(s) for tax purposes."
2,"Every business belongs to one of the following employment dynamics categories: entrants, businesses with employees in the current year but none in the previous year; incumbents, businesses with employees in both the current and previous years; growing incumbents, businesses with more employees in the current year than in the previous year; declining incumbents, businesses with less employees in the current year than in the previous year; and exits, businesses with employees in the previous year but none in the current year. The category `active employer businesses' is defined as the sum of incumbents and entrants."
3,"All firm counts are rounded to units of ten. Therefore, the private sector total does not necessarily equate to the sum of individual categories."
4,"Due to variations in business structure over time, firm counts are not additive across years. For example, the number of active businesses in 2012 is not exactly equal to the number of active businesses in 2011 plus the number of entries in 2012 minus the number of exits in 2012. The difference observed is typically less than 1.0%."
5,"The denominator used to calculate rates is the average of that variable in the previous and current years."
6,"Each job flow rate summarizes the employment created or destroyed by that employment dynamics category, with the exception of net employment growth which summarizes all four categories."
7,"Shares and contributions are expressed as percentages of private sector total."
8,"Employment, gross employment creation and gross employment destruction are measured in Average Labour Units (ALUs). A description of this unit of measurement is available at: http://www23.statcan.gc.ca:81/imdb/p2SV.pl?Function=getSurvey&SDDS=8013&lang=en&db=imdb&adm=8&dis=2."
9,"The employment share for a particular industry or size class, as well as its contribution to gross employment creation and destruction depend on what is happening in all other industries or size classes. Therefore, there is no necessary relationship between year-on-year changes in the employment share of a given industry, and its own contribution to gross employment creation and destruction."
10,"The private sector covers all industrial sectors except those primarily involved in educational services, health care and social assistance, and public administration. It includes unclassified businesses."
11,"Unclassified businesses are those for which the industrial classification has yet to be determined."
12,"Firm size is expressed in Average Labour Units (ALUs), a measure that estimates firm employment. A description of this unit of measurement is available at: http://www23.statcan.gc.ca:81/imdb/p2SV.pl?Function=getSurvey&SDDS=8013&lang=en&db=imdb&adm=8&dis=2."

"Correction ID","Correction Date","Correction Note"

